Title,Trivia,Words
Classic Sitcoms,"Classic sitcoms followed a regular half-hour format built around comedic situations.

Sitcoms are typically broken into individual episodes with a self-contained story.

Many classic sitcoms are still watched today thanks to syndicated reruns.

Family life was a frequent subject of classic television sitcoms.

Sitcom is short for situation comedy.

A well-timed punchline was central to a sitcom's comedic style.

Classic sitcoms often used a laugh track to cue the audience.

Sitcoms aired on one of a handful of major television networks.

Families gathered weekly to watch their favorite sitcom together.",SITCOM,EPISODE,RERUN,FAMILY,COMEDY,PUNCHLINE,LAUGHTRACK,NETWORK,WEEKLY
The Jukebox,"A jukebox let customers pick songs to play in a public space.

Playing a song on a jukebox often cost just a nickel.

Jukeboxes offered a selection of records to choose from.

Jukeboxes were a common fixture in diners and soda shops.

Many jukeboxes featured colorful, flashing lights.

The bright lights made a jukebox stand out in any room.

Each jukebox held a stack of records ready to play.

A coin dropped into the slot activated the jukebox.

Customers picked their favorite tune from the jukebox menu.",JUKEBOX,NICKEL,SELECTION,DINER,FLASHING,LIGHTS,RECORD,COIN,TUNE
Drive-In Movies,"Drive-in movies were projected onto a giant outdoor screen.

Each car had its own speaker to hear the movie's audio.

Moviegoers parked their cars in rows facing the screen.

Drive-in showings typically began at dusk.

The outdoor setting let people watch movies from their cars.

A concession stand sold snacks between showings.

Drive-ins were a popular outing for the whole family.

Some moviegoers brought blankets and pillows for comfort.

Drive-in theaters came alive as night fell.",SCREEN,SPEAKER,PARKING,DUSK,OUTDOOR,CONCESSION,FAMILY,BLANKET,NIGHT
Classic Cars,"Classic cars are prized for their chrome trim and detailing.

A well-tuned engine was a point of pride for car owners.

A classic car is valued for its lasting style and history.

Vintage cars often draw crowds at car shows.

Owners kept their classic cars polished to a bright shine.

Dedicated collectors search for rare, well-kept classic cars.

Each classic car model has its own distinct look.

Many classic cars have been carefully restored over the years.

New models were once proudly displayed in a dealer showroom.",CHROME,ENGINE,CLASSIC,VINTAGE,POLISHED,COLLECTOR,MODEL,RESTORED,SHOWROOM
One-Room Schoolhouses,"A one-room schoolhouse held a single classroom for all grades.

One teacher often taught every grade in the same room.

Students of many different grades studied side by side.

A wood-burning stove kept the schoolhouse warm in winter.

Students sat together on simple wooden benches.

One-room schoolhouses were common in rural communities.

Older students sometimes helped teach a lesson to younger ones.

Many students wrote their lessons on a small slate.

The schoolhouse often served as a hub for the whole community.",CLASSROOM,TEACHER,GRADES,STOVE,BENCH,RURAL,LESSON,SLATE,COMMUNITY
Penny Candy,"Penny candy cost just a single penny per piece.

Kids picked their favorite candy from a big display.

Penny candy was often sold from a store counter.

Candy was displayed in large glass jars.

Chewy licorice was a popular penny candy option.

Soft, chewy taffy came in many fruity flavors.

A colorful gumdrop was a favorite penny candy pick.

Some penny candies came in a small paper wrapper.

A trip to the store often meant picking out a sweet treat.",PENNY,CANDY,COUNTER,JAR,LICORICE,TAFFY,GUMDROP,WRAPPER,SWEET
Poodle Skirts,"A poodle skirt featured a felt design shaped like a poodle.

Poodle skirts were typically made of soft felt fabric.

A poodle shape was often stitched on as an applique.

The skirt was cut in a wide circle shape.

A poodle skirt would twirl dramatically while dancing.

Poodle skirts came in bright, colorful designs.

The wide, swinging shape was part of the style's charm.

Poodle skirts were especially popular for a night of dance.

The poodle skirt became an iconic style of its era.",POODLE,FELT,APPLIQUE,CIRCLE,TWIRL,COLORFUL,SWING,DANCE,STYLE
Rotary Phones,"A rotary phone was dialed by turning a numbered wheel.

Users placed a finger in the dial to call a number.

A coiled cord connected the phone's receiver to its base.

Callers lifted the receiver to make or answer a call.

The dial made a distinct click as it spun back.

Each rotary phone dialed a full number one digit at a time.

Some calls were connected with the help of an operator.

Rotary phones were fairly heavy compared to later models.

A ringing rotary phone had a loud, mechanical bell.",ROTARY,DIAL,CORD,RECEIVER,CLICK,NUMBER,OPERATOR,HEAVY,RINGING
Marbles,"Marbles were small round toys often made of glass.

Most marbles were made of colorful glass.

Players aimed a larger shooter marble at the others.

Marbles were often played within a chalk-drawn circle.

A large marble used for shooting was called an aggie.

Kids carried their marbles in a small pouch.

Kids loved to trade marbles with their friends.

Many children enjoyed collecting rare or colorful marbles.

Some neighborhoods even held a friendly marbles tournament.",MARBLE,GLASS,SHOOTER,CIRCLE,AGGIE,POUCH,TRADE,COLLECT,TOURNAMENT
The Corner Store,"A friendly shopkeeper ran the neighborhood corner store.

Kids often stopped in with a few pennies to spend.

Goods were stocked on simple wooden shelves.

The corner store served as a hub for the local area.

Penny candy was a favorite corner store purchase.

The corner store often sold the daily newspaper.

Families sent kids to the corner store to run an errand.

The shopkeeper was known for being friendly to regulars.

A small bell rang whenever the door opened.",SHOPKEEPER,PENNY,SHELF,LOCAL,CANDY,NEWSPAPER,ERRAND,FRIENDLY,BELL
Saturday Morning Cartoons,"Saturday morning cartoons were a beloved weekly ritual for many households.

The shows were entirely animated, unlike live-action programming.

Kids looked forward to the cartoons all week on the weekend.

Viewers had to tune to a specific channel at the right time.

Many kids ate a bowl of cereal while watching their cartoons.

Cartoons were made with children as the primary audience.

A memorable character was often the heart of a cartoon series.

Some Saturday morning cartoons are now considered animation classics.

The funniest cartoon moments could bring a genuine chuckle.",CARTOON,ANIMATED,WEEKEND,CHANNEL,CEREAL,CHILDREN,CHARACTER,CLASSIC,CHUCKLE
Vinyl Records,"Vinyl records stored music in a spiral groove pressed into plastic.

A full-length record was commonly called an album.

A turntable spun the record so the needle could play it.

A small needle traced the record's groove to produce sound.

Music was encoded directly into the record's spiral groove.

Records came protected inside a paper or cardboard sleeve.

The record kept spinning steadily on the turntable's platter.

Serious music fans became dedicated record collectors.

Many households kept a tall stack of favorite records.",VINYL,ALBUM,TURNTABLE,NEEDLE,GROOVE,SLEEVE,SPINNING,COLLECTOR,STACK
Movie Theater Popcorn,"Popcorn became the signature snack of the movie theater experience.

Warm melted butter was poured generously over the popcorn.

Each kernel popped fluffy and light when heated.

Salted popcorn was the classic movie theater choice.

Popcorn was usually served in a large paper bucket.

The aroma of fresh popcorn filled the theater lobby.

Popcorn was sold at the theater's concession stand.

Fresh popcorn had a satisfying crunchy texture.

Some theaters offered a free refill on a large popcorn.",POPCORN,BUTTER,KERNEL,SALTED,BUCKET,AROMA,CONCESSION,CRUNCHY,REFILL
Route 66,"Route 66 became one of America's most famous highways.

Travelers stopped at colorful roadside attractions along the way.

A classic roadside diner was a common Route 66 stop.

A cozy motel offered travelers a place to rest for the night.

Bright neon signs lit up many Route 66 businesses.

Route 66 became known as a route for crossing the country.

Several unique landmarks made Route 66 a memorable drive.

Route 66 covered a long stretch of American highway.

Route 66 inspired generations of cross-country travel.",HIGHWAY,ROADSIDE,DINER,MOTEL,NEON,CROSSING,LANDMARK,STRETCH,TRAVEL
School Lunches,"Many students carried their lunch to school in a metal lunchbox.

A thermos kept soup or milk warm or cold until lunchtime.

Some students bought a hot lunch in the school cafeteria.

Cafeteria lunches were served on a divided tray.

A simple sandwich was a common packed-lunch choice.

A small carton of milk often came with a school lunch.

A small dessert was sometimes a lunchtime treat.

Lunch was often followed by a period of recess.

A cloth or paper napkin came tucked into most lunchboxes.",LUNCHBOX,THERMOS,CAFETERIA,TRAY,SANDWICH,MILK,DESSERT,RECESS,NAPKIN
The Soda Fountain,"A soda fountain mixed flavored syrup with fizzy water.

Flavored syrup gave each soda fountain drink its taste.

Soda fountains served bubbly, carbonated drinks.

Customers often sat on a tall stool at the counter.

A soda arrived with a straw ready to sip.

Customers could choose from a variety of syrup flavors.

The soda fountain counter was the heart of the drugstore.

A fizzy soda fountain drink was a refreshing treat.

A quick spritz of soda water finished the drink.",FOUNTAIN,SYRUP,CARBONATED,STOOL,STRAW,FLAVOR,COUNTER,FIZZY,SPRITZ
Saddle Shoes,"Saddle shoes featured a contrasting saddle-shaped panel.

Saddle shoes were typically made of sturdy leather.

The shoes were fastened with a simple set of laces.

The classic look combined two-tone color panels.

Owners kept their saddle shoes polished and clean.

Saddle shoes were a style of classic oxford shoe.

Saddle shoes became a popular choice for school wear.

The shoes offered a comfortable, casual look.

Saddle shoes were valued for being sturdy and durable.",SADDLE,LEATHER,LACES,TWOTONE,POLISH,OXFORD,SCHOOL,CASUAL,STURDY
Party Lines,"A party line was a phone line shared by several homes.

Neighbors on the same line could sometimes overhear each other.

Some neighbors would quietly listen in on a call.

A different pattern of rings told each household its call.

Party lines offered very little privacy for callers.

Neighbors sometimes had a quick chat before hanging up.

A shared phone line connected multiple households at once.

Callers often had to wait for the line to be free.

Using a party line politely required a bit of etiquette.",SHARED,NEIGHBOR,LISTEN,RINGS,PRIVACY,CHAT,PHONE,WAIT,ETIQUETTE
Jacks,"Jacks was played with small metal pieces and a bouncy ball.

Players had to catch the ball after a single bounce.

Players would scatter the jacks across the floor first.

Players had to grab jacks before the ball bounced twice.

A small rubber ball was used to play the game.

Each round of jacks increased the challenge.

Quick hands were needed to win at jacks.

Players would toss the ball gently into the air.

Catching the ball in time was the key skill.",JACKS,BOUNCE,SCATTER,GRAB,RUBBER,ROUND,QUICK,TOSS,CATCH
Barbershops,"A barber gave haircuts and shaves at the local shop.

Clippers were used to trim hair quickly and evenly.

Customers sat in a large, adjustable barber chair.

A big mirror let customers see their new haircut.

A red, white, and blue pole marked most barbershops.

A barber would trim hair to the customer's liking.

Some customers came in for a classic straight-razor shave.

Barbershops were a favorite place for a friendly chat.

Customers often flipped through a magazine while waiting.",BARBER,CLIPPERS,CHAIR,MIRROR,POLE,TRIM,SHAVE,CHAT,MAGAZINE
TV Game Shows,"A contestant competed for prizes by answering questions correctly.

Game shows tested contestants' knowledge with a series of questions.

Winning contestants could take home a wide range of prizes.

A charismatic host guided the game show and kept things moving.

Contestants often had to hit a buzzer to answer first.

A correct answer could move a contestant closer to victory.

Some game shows featured a wheel contestants could spin for prizes.

The biggest prize on a game show was sometimes called the jackpot.

A live studio audience gave enthusiastic applause throughout the show.",CONTESTANT,QUESTION,PRIZE,HOST,BUZZER,ANSWER,SPIN,JACKPOT,APPLAUSE
Rock And Roll,"Rock and roll put the electric guitar at center stage.

The new sound was seen by many adults as rebellious.

A steady drumbeat drove the energy of rock and roll.

Fans packed arenas for a live rock and roll concert.

Rock and roll found its biggest early audience among teenagers.

The electric guitar gave rock and roll its signature sound.

Some rock and roll songs became generation-defining anthems.

Performers commanded the stage with high-energy shows.

Rock and roll brought a burst of raw energy to popular music.",GUITAR,REBELLIOUS,DRUMS,CONCERT,TEENAGER,ELECTRIC,ANTHEM,STAGE,ENERGY
Saturday Matinees,"A Saturday matinee offered a discounted afternoon showing.

Kids filled theater seats every Saturday afternoon.

A matinee often opened with a short cartoon.

Some matinees included a newsreel before the main feature.

Matinee admission was usually cheaper than an evening show.

Some kids raced to grab seats in the balcony.

An usher helped guide moviegoers to their seats.

A matinee sometimes included a chapter of an action serial.

The matinee audience was often filled with children.",MATINEE,AFTERNOON,CARTOON,NEWSREEL,ADMISSION,BALCONY,USHER,SERIAL,AUDIENCE
Gas Station Attendants,"A gas station attendant pumped the gas for every customer.

Attendants would give the tank a full fill-up on request.

Attendants often cleaned the windshield while the tank filled.

Gas station attendants typically wore a matching uniform.

The attendant operated the pump so customers didn't have to.

Full service included fuel, a window wash, and a quick check.

Attendants sometimes handled a simple oil change on the spot.

Attendants checked under the hood, often getting a bit of grease on their hands.

A friendly attendant was part of the full-service experience.",ATTENDANT,FILLUP,WINDSHIELD,UNIFORM,PUMP,SERVICE,OILCHANGE,GREASE,FRIENDLY
Recess Games,"Recess gave students a welcome break to play outside.

Most schools had a playground for outdoor recess games.

Four square was a popular ball game played in a marked court.

A quick game of tag was a recess favorite.

Hopscotch was played by hopping through a chalk-drawn grid.

Kickball combined running the bases with kicking a large ball.

A seesaw let two students balance and bounce together.

Kids lined up for a turn on the swing set.

A teacher's whistle signaled that recess had ended.",RECESS,PLAYGROUND,FOURSQUARE,TAG,HOPSCOTCH,KICKBALL,SEESAW,SWINGSET,WHISTLE
Milkshakes And Malts,"A milkshake blended ice cream, milk, and flavoring together.

A malt included malt powder for extra flavor.

A blender whipped the ingredients into a smooth shake.

A good milkshake came out cold and frosty.

Milkshakes were often served with a wide straw.

Whipped cream sometimes topped off a milkshake.

Milkshakes came in a variety of classic flavors.

A well-made milkshake was satisfyingly thick.

A cherry on top finished many a milkshake.",MILKSHAKE,MALT,BLENDER,FROSTY,STRAW,WHIPPED,FLAVOR,THICK,CHERRY
Letterman Jackets,"A letterman jacket was awarded for varsity team achievement.

The jacket displayed the wearer's varsity letter.

A large patch often showed the school's initial.

The jacket's body was traditionally made of wool.

Letterman jackets often featured leather sleeves.

The jackets proudly represented a student's school.

Letterman jackets celebrated a student's place on a team.

Wearing the jacket was a visible sign of school pride.

Leather sleeves contrasted with the jacket's wool body.",LETTERMAN,VARSITY,PATCH,WOOL,LEATHER,SCHOOL,TEAM,PRIDE,SLEEVE
Home Milk Delivery,"A milkman delivered fresh milk right to the door.

Milk was delivered in glass bottles.

Bottles were left waiting on the doorstep each morning.

Empty bottles were placed outside in a wire crate.

The milkman worked directly for a local dairy.

Deliveries brought fresh milk straight to each home.

The milkman followed the same delivery route every day.

Milk bottles were made of thick, reusable glass.

Deliveries typically arrived early in the morning.",MILKMAN,BOTTLE,DOORSTEP,CRATE,DAIRY,FRESH,ROUTE,GLASS,MORNING
Hula Hoops,"A hula hoop was twirled around the waist to keep it moving.

Keeping the hoop twirling took steady hip movement.

Players kept the hoop spinning around their waist.

Hula hoops were typically made of lightweight plastic.

Players had to keep the hoop spinning without it falling.

Good balance helped keep the hoop up longer.

Some towns held a hula hoop contest for kids.

Hula hoops came in many bright, colorful designs.

The hoop itself was simply a large plastic circle.",HOOP,TWIRL,WAIST,PLASTIC,SPIN,BALANCE,CONTEST,COLORFUL,CIRCLE
Diners And Luncheonettes,"A classic diner served simple meals any time of day.

Customers could sit at a long counter or in a booth.

Many diners offered comfortable booth seating.

Some diners had their own small jukebox at each table.

A friendly waitress usually took each customer's order.

Diners were known for serving a fresh pot of coffee.

Customers could also sit on a stool at the counter.

Diners typically offered a simple, affordable menu.

Meals were cooked fresh on an open grill.",DINER,COUNTER,BOOTH,JUKEBOX,WAITRESS,COFFEE,STOOL,MENU,GRILL
Soap Operas,"Soap operas were known for heightened, ongoing dramatic storylines.

Each soap opera episode often ended without fully resolving its plot.

Romance story lines were a defining feature of soap operas.

A juicy scandal could drive a soap opera's plot for weeks.

Soap operas traditionally aired during daytime television hours.

Soap operas built suspense with unresolved plot twists.

A secret affair was a common soap opera plot device.

Many soap operas ran as a continuous series for decades.

Nearly every soap opera featured a memorable villain.",DRAMA,EPISODE,ROMANCE,SCANDAL,DAYTIME,SUSPENSE,AFFAIR,SERIES,VILLAIN
Transistor Radios,"The transistor radio used compact transistors instead of bulky tubes.

Transistor radios were small enough to be truly portable.

A transistor radio ran on a small battery instead of house power.

Listeners could tune to their favorite radio station on the go.

A short antenna helped a transistor radio pick up signals.

Some transistor radios were small enough to fit in a pocket.

Turning a small dial changed the station on a transistor radio.

Transistor radios could pick up a local broadcast almost anywhere.

Teens loved being able to tune in to music anywhere they went.",TRANSISTOR,PORTABLE,BATTERY,STATION,ANTENNA,POCKET,DIAL,BROADCAST,TUNE
Movie Newsreels,"A newsreel delivered short news segments before the main movie.

Newsreels showed real footage of recent events.

A narrator's voice explained the footage as it played.

Newsreels kept audiences informed about current events.

Newsreels regularly aired inside movie theaters nationwide.

The newsreel appeared on the same big screen as the feature.

Many theaters showed a new newsreel on a weekly basis.

Newsreels helped moviegoers stay updated on the news of the day.

Newsreels were a major source of visual news before television.",NEWSREEL,FOOTAGE,NARRATOR,CURRENT,EVENTS,THEATER,SCREEN,WEEKLY,UPDATE
Convertibles,"A convertible was sometimes nicknamed a ragtop.

Driving with the top down let in a cool breeze.

Convertibles were especially popular on sunny, sunshine-filled days.

A convertible's roof could be folded down at will.

Convertibles were a favorite choice for a leisurely cruise.

A convertible was seen as a stylish way to travel.

Riding with an open top was part of the appeal.

Passengers often arrived looking a little windblown.

Convertibles were especially popular during the summer months.",RAGTOP,BREEZE,SUNSHINE,FOLDING,CRUISE,STYLISH,OPENTOP,WINDBLOWN,SUMMER
Chalkboards And Slates,"Teachers wrote lessons on a large chalkboard at the front of the room.

A felt eraser wiped chalk dust from the board.

White chalk was used to write directly on the board.

Younger students sometimes practiced writing on a small slate.

Clapping two erasers together left a cloud of dusty chalk.

Each day's lesson was often copied straight from the chalkboard.

Students practiced their writing directly on the chalkboard.

Chalk sometimes made an unpleasant screech across the board.

A chalkboard was a fixture in nearly every classroom.",CHALKBOARD,ERASER,CHALK,SLATE,DUSTY,LESSON,WRITING,SCREECH,CLASSROOM
Ice Cream Trucks,"An ice cream truck sold frozen treats right on the street.

A cheerful jingle let kids know the truck was near.

The truck drove slowly through the neighborhood street.

A musical chime often played from the truck's speakers.

The truck kept its treats frozen until they were sold.

A classic ice cream cone was a top seller.

The truck made its way down nearly every street.

Kids eagerly picked out their favorite frozen treat.

Kids would chase down the truck when they heard the music.",ICECREAM,JINGLE,TRUCK,CHIME,FROZEN,CONE,STREET,TREAT,CHASE
Bobby Socks,"Bobby socks were short socks that stopped at the ankle.

The socks covered just the ankle, not the calf.

Bobby socks were typically made of soft cotton.

The socks were often folded down into a neat cuff.

A folded cuff gave bobby socks their signature look.

Bobby socks became a defining teenager fashion trend.

Bobby socks were considered a trendy must-have item.

Bobby socks were often paired with saddle shoes.

Bright white bobby socks were an especially popular choice.",BOBBYSOCKS,ANKLE,COTTON,FOLDED,CUFF,TEENAGER,TRENDY,PAIRED,WHITE
Clotheslines,"Clean laundry was hung outside to dry in the sun.

A wooden clothespin held each item securely on the line.

A gentle breeze helped speed up the drying.

Sunshine helped clothes dry naturally on the line.

Many clotheslines were strung across the backyard.

Laundry left outside took on a fresh outdoor scent.

Drying clothes outside was an everyday household task.

Clean laundry was carried outside in a large basket.

Some clotheslines used a pulley to reach across a yard.",LAUNDRY,CLOTHESPIN,BREEZE,SUNSHINE,BACKYARD,FRESH,DRYING,BASKET,PULLEY
Yo-Yos,"A yo-yo spun up and down along a length of string.

A yo-yo was attached to a finger by a string.

The yo-yo would spin rapidly at the end of its string.

Skilled players could perform an impressive yo-yo trick.

A well-thrown yo-yo could spin in place, called a sleeper.

Some tricks involved looping the string in clever patterns.

A small loop of string was worn around one wrist.

Early yo-yos were often carved from wood.

A flick of the wrist sent the yo-yo back up.",YOYO,STRING,SPIN,TRICK,SLEEPER,LOOP,WRIST,WOODEN,RETURN
County Fairs,"A county fair brought the whole community together each year.

The fair featured carnival games and rides.

Farmers proudly showed off their livestock at the fair.

Winners were awarded a colorful ribbon for their entry.

A tall Ferris wheel was a fair midway favorite.

A homemade pie contest was a popular fair tradition.

Fairgoers entered contests for baking, crafts, and more.

The midway offered a variety of exciting rides.

Fair visitors enjoyed a wide range of festival treats.",FAIR,CARNIVAL,LIVESTOCK,RIBBON,FERRIS,PIE,CONTEST,RIDES,TREATS
Classic TV Westerns,"Classic TV westerns often centered on a heroic cowboy.

A town sheriff frequently kept order in TV westerns.

Many western episodes featured a dusty frontier saloon.

Life on a cattle ranch was a common western setting.

TV westerns often pitted the hero against a scheming outlaw.

A trusty horse was essential to any TV western hero.

Westerns were set on America's rugged frontier.

A dramatic gunfight was a staple of the western genre.

Covered wagons were a familiar sight in TV westerns.",COWBOY,SHERIFF,SALOON,RANCH,OUTLAW,HORSE,FRONTIER,GUNFIGHT,WAGON
Record Stores,"Music fans loved to browse the aisles of a record store.

Customers flipped through albums looking for something new.

Purchases were rung up at the record store counter.

Records were often organized into bins by genre or artist.

A cashier handled purchases at the record store's front counter.

Shoppers examined the artwork on each record's sleeve.

Some record stores let customers listen before buying.

Records were displayed on shelves throughout the store.

Larger record stores kept a full catalog of available titles.",BROWSE,ALBUM,COUNTER,BIN,CASHIER,SLEEVE,LISTEN,SHELF,CATALOG
Classic Movie Stars,"Classic movie stars enjoyed a level of fame known as stardom.

Old Hollywood glamour was closely tied to its biggest stars.

Many classic stars were under long-term contract to a studio.

Fans lined up to see stars arrive at a movie premiere.

Devoted fans hoped to get a star's autograph.

Classic stars often stood in the spotlight of magazine covers.

Movie stars became some of the era's biggest celebrities.

Audiences fell in love with stars they saw on the big screen.

Devoted admirers sometimes joined an official fan club.",STARDOM,GLAMOUR,STUDIO,PREMIERE,AUTOGRAPH,SPOTLIGHT,CELEBRITY,SCREEN,FANCLUB
Tailfins And Chrome,"Dramatic tailfins became a signature look for many 1950s cars.

Bright chrome trim was a hallmark of the era's car design.

A wide chrome bumper often stretched across the front of the car.

Gleaming chrome caught the eye on showroom floors.

A chrome grille gave many classic cars a bold front look.

Sleek chrome lines added a sense of motion even standing still.

Chrome accents highlighted a car's curves and edges.

Bold styling with tailfins and chrome defined the era.

Owners kept their chrome trim polished and shiny.",TAILFIN,CHROME,BUMPER,GLEAMING,GRILLE,SLEEK,ACCENT,STYLING,SHINY
Cursive Handwriting,"Cursive handwriting connected each letter in a flowing style.

Good penmanship was considered an important classroom skill.

Some older desks even included a small inkwell.

Cursive letters were formed using smooth, connected loops.

Students spent time each day on handwriting practice.

Teachers graded students partly on the neatness of their writing.

Cursive was practiced carefully with a pencil on lined paper.

Students learned to write every letter of the alphabet in cursive.

Practice pages in a workbook helped students improve their cursive.",CURSIVE,PENMANSHIP,INKWELL,LOOPS,PRACTICE,NEATNESS,PENCIL,ALPHABET,WORKBOOK
Bubble Gum,"Bubble gum could be blown into a big, stretchy bubble.

Bubble gum had a soft, chewy texture.

A big bubble would eventually pop with a satisfying sound.

Bubble gum could get sticky if chewed too long.

Each piece of gum came in its own wrapper.

Bubble gum came in a variety of sweet flavors.

Kids practiced blowing the biggest bubble they could.

Some bubble gum packs included a small comic strip.

Bubble gum was often sold in a small pack.",BUBBLE,CHEWY,POP,STICKY,WRAPPER,FLAVOR,BLOWING,COMIC,PACK
Bell Bottoms,"Bell bottoms flared out dramatically below the knee.

Bell bottoms were commonly made of sturdy denim.

The pants had a distinctive wide leg shape.

Bell bottoms were fitted snugly through the hip and thigh.

Some bell bottoms were decorated with colorful patches.

Colorful patterns were common on bell bottom pants.

Bell bottoms were considered a groovy style choice.

The pants were made from a range of different fabric.

Bell bottoms became a trendy wardrobe staple.",FLARED,DENIM,WIDELEG,FITTED,PATCHES,COLORFUL,GROOVY,FABRIC,TRENDY
Manual Typewriters,"A manual typewriter printed letters by striking a page directly.

Typewriter keys had to be pressed firmly to print.

A typewriter ribbon carried the ink used for each letter.

The carriage held the paper as it moved with each key.

Typewriter keys made a distinct clacking sound.

A small bell rang to signal an approaching margin.

Reaching the end of a line required a manual carriage return.

The ribbon kept every typed letter inked evenly.

A blank sheet of paper was rolled into the typewriter.",TYPEWRITER,KEYS,RIBBON,CARRIAGE,CLACK,MARGIN,RETURN,INKED,PAPER
Paper Dolls,"A paper doll was a flat cutout figure to dress up.

Kids could dress the doll in a paper outfit.

A folded paper tab held each outfit in place.

Paper dolls often came with a whole paper wardrobe.

Scissors were used to cut out each doll and outfit.

Paper dolls were sometimes printed on sturdy cardboard.

Paper dolls made dress-up play possible without real clothes.

Many kids enjoyed collecting different paper doll sets.

Paper dolls often came bound together in a small booklet.",CUTOUT,OUTFIT,TAB,WARDROBE,SCISSORS,CARDBOARD,DRESSUP,COLLECT,BOOKLET
Block Parties,"A block party closed off the street for a neighborhood celebration.

A backyard barbecue was often the centerpiece of a block party.

Neighbors came together to celebrate as a community.

A hand-painted banner often welcomed guests to the party.

Neighbors brought a dish to share in a potluck-style meal.

Music played throughout the neighborhood celebration.

The whole neighborhood would gather in one place.

Children played games together throughout the party.

Neighbors set up folding chairs along the street.",STREET,BARBECUE,NEIGHBOR,BANNER,POTLUCK,MUSIC,GATHER,CHILDREN,CHAIRS
Variety Shows,"Variety shows mixed several kinds of entertainment into one broadcast.

A featured singer often performed a live musical number.

Talented dancers added spectacle to the variety show format.

A stand-up comedian frequently appeared to deliver a comedic set.

Variety shows included short comedy sketches between performances.

A live orchestra often backed the musical performances.

Each episode typically welcomed a rotating cast of guest stars.

Performers took to the stage for one act after another.

The studio audience's applause capped off each performance.",VARIETY,SINGER,DANCER,COMEDIAN,SKETCH,ORCHESTRA,GUEST,STAGE,APPLAUSE
Sock Hops,"A sock hop was an informal school dance held in stocking feet.

Sock hops were often held right in the school gymnasium.

Teens spent the evening dancing to the latest hit songs.

A portable record player usually supplied the sock hop's music.

An adult chaperone typically supervised the school dance.

Sock hops usually offered simple snacks like punch and cookies.

Dancing without shoes protected the gym floor from sneakers.

Popular music set the mood for the evening's sock hop.

Sock hops were a favorite pastime for many a teenager.",SOCKHOP,GYMNASIUM,DANCING,RECORD,CHAPERONE,SNACKS,SNEAKERS,MUSIC,TEENAGER
Movie Posters,"A movie poster advertised a film before its release.

Poster artwork often captured a film's most exciting scene.

A clever tagline helped a poster grab attention.

Posters were commonly displayed in the theater lobby.

Theaters used posters to display upcoming movies.

A skilled artist hand-painted many classic movie posters.

Some posters were painted rather than photographed.

A theater's marquee often featured art from the movie poster.

Movie posters used bold, colorful designs to stand out.",POSTER,ARTWORK,TAGLINE,LOBBY,DISPLAY,ARTIST,PAINTED,MARQUEE,COLORFUL
Drive-In Restaurants,"A car hop delivered food directly to a customer's car.

Food arrived balanced on a special window-mounted tray.

Some car hops famously delivered orders on roller skates.

Customers placed their order without ever leaving the car.

Drive-in restaurants offered a simple, classic menu.

A juicy burger was a top seller at most drive-ins.

A thick milkshake was a favorite drive-in treat.

Some drive-ins used a speaker box to take orders.

Customers stayed parked in their cars for the entire meal.",CARHOP,TRAY,SKATES,ORDER,MENU,BURGER,MILKSHAKE,SPEAKER,PARKED
Show And Tell,"Show and tell let students bring a favorite object from home.

Each classmate took a turn sharing something special.

Students had to explain why their object mattered to them.

Everyone waited for their turn to share with the class.

Some students felt a little nervous speaking in front of the class.

A cherished treasure was a popular show and tell choice.

Students often told a short story about their item.

Show and tell gave every student a chance to present something.

Students felt proud sharing something meaningful with their class.",OBJECT,CLASSMATE,EXPLAIN,TURN,NERVOUS,TREASURE,STORY,PRESENT,PROUD
Candy Stores,"A candy store's window display drew in curious kids.

Candy was often weighed and sold at the front counter.

Candy was displayed in large glass canisters.

Loose candy was weighed on a small scale.

Candy stores offered an assorted mix of sweet treats.

Some candies came individually wrapped for freshness.

Jars of candy lined the store's shelves.

A candy store was filled with treats of every kind.

The store owner often knew every regular customer by name.",DISPLAY,COUNTER,CANISTER,SCALE,ASSORTED,WRAPPED,SHELF,TREATS,OWNER
Go-Go Boots,"Go-go boots typically rose to a knee-high length.

Go-go boots were known for their shiny finish.

Bright white was a classic go-go boot color.

Many go-go boots were made of glossy vinyl.

Go-go boots often featured a flat, square-cut toe.

Go-go boots got their name from dance culture.

Go-go boots became a symbol of mod fashion.

The boots quickly became a trendy fashion statement.

Most go-go boots closed with a side zipper.",KNEEHIGH,SHINY,WHITE,VINYL,SQUARE,DANCE,MOD,TRENDY,ZIPPER
Record Players,"A record player spun records on a rotating turntable.

A small needle read the grooves to produce sound.

Records were stacked on a center spindle.

The tonearm guided the needle across the record.

Records played at a specific rotational speed.

A dial controlled the volume of the music.

The player was designed to spin vinyl records.

Some record players were built into a wooden cabinet.

Later record players offered rich stereo sound.",TURNTABLE,NEEDLE,SPINDLE,TONEARM,SPEED,VOLUME,VINYL,CABINET,STEREO
Tin Toys,"Tin toys were made from lightweight sheet metal.

Many tin toys used a wind-up key to move.

Tin toys were often decorated with painted designs.

Some tin toys used a simple clockwork mechanism.

Certain tin toys would rattle or clatter as they moved.

Some tin toys produced a small spark for effect.

Old tin toys are now considered charming vintage collectibles.

Tin toys are highly prized by toy collectors today.

Well-preserved tin toys are treated as valuable antiques.",METAL,WINDUP,PAINTED,CLOCKWORK,RATTLE,SPARK,VINTAGE,COLLECTOR,ANTIQUE
Fishing Holes,"A favorite fishing hole was a well-kept local secret.

Many fishing holes were found at a quiet local pond.

Worms made popular bait for a day of fishing.

A simple tackle box held hooks, line, and lures.

A bobber dipped underwater to signal a bite.

Fishing required plenty of patience and quiet waiting.

A quiet spot by the water was ideal for fishing.

Fishing holes were often shaded by nearby trees.

Patience was rewarded with a good catch.",FISHING,POND,BAIT,TACKLE,BOBBER,PATIENCE,QUIET,SHADE,CATCH
TV Dinners And Trays,"TV dinners were a fully frozen, pre-made meal.

The meal was served on a compartmented metal tray.

TV dinners let families eat dinner in front of the television.

Each tray had a separate section for every food item.

TV dinners offered a quick, ready-made supper option.

The tray went straight from the freezer into the oven.

TV dinners were sold pre-packaged at the grocery store.

A full meal came neatly divided in a single tray.

Early TV dinner trays were commonly made of aluminum.",FROZEN,TRAY,DINNER,SECTION,SUPPER,OVEN,PACKAGED,MEAL,ALUMINUM
Doo-Wop Music,"Doo-wop was built around close vocal harmony.

A talented lead vocalist usually carried the main melody.

Doo-wop groups often practiced their sound on a city street corner.

Most doo-wop songs were performed by a small vocal group.

Simple rhythm and repeated syllables gave doo-wop its name.

A slow doo-wop ballad was a popular choice for a school dance.

Background singers formed a chorus behind the lead vocalist.

Every voice in a doo-wop group mattered, not just the singer.

Doo-wop groups aimed for a smooth, blended vocal sound.",HARMONY,VOCALIST,STREET,GROUP,RHYTHM,BALLAD,CHORUS,SINGER,SMOOTH
Double Features,"A double feature offered two movies for a single ticket.

Moviegoers got a full evening from just one feature presentation.

Theaters sometimes gave audiences a short break between films.

The second movie often ran right after the first ended.

One ticket was often enough to see both films.

A double feature made for a lengthy night at the movies.

The second film in a double bill was often a lower-budget B movie.

Theaters advertised the special screening well in advance.

A double feature felt like an unbeatable movie-night combo.",DOUBLE,FEATURE,BREAK,SECOND,TICKET,LENGTHY,BMOVIE,SCREENING,COMBO
Road Trips,"Packed suitcases filled the trunk before a big road trip.

Travelers relied on a paper map to find their way.

An unexpected detour sometimes led to a surprising discovery.

Families packed snacks to enjoy along the way.

A quick pit stop let travelers stretch their legs.

Long drives offered a changing view of the passing scenery.

Drivers kept an eye on the mileage between stops.

Many travelers mailed a postcard from each stop.

A road trip often included a cheerful family sing-along.",SUITCASE,MAP,DETOUR,SNACKS,PITSTOP,SCENERY,MILEAGE,POSTCARD,SINGALONG
Field Trips,"A yellow school bus carried students on their field trip.

Parents had to sign a permission slip for the trip.

A parent chaperone often helped supervise the group.

Many field trips took students to a local museum.

Students packed a lunch bag for the day away from school.

Field trips were often met with real excitement.

Students were paired with a buddy to stay together.

Each field trip had its own special location to explore.

Some students brought a notebook to jot down what they learned.",BUS,PERMISSION,CHAPERONE,MUSEUM,LUNCHBAG,EXCITEMENT,BUDDY,LOCATION,NOTEBOOK
Root Beer Floats,"A root beer float combined soda with ice cream.

The scoop of ice cream would float on top of the soda.

Root beer floats formed a fun, bubbly foam on top.

Floats were often served in a tall glass mug.

A scoop of vanilla ice cream was the classic choice.

The soda's fizz mixed with the melting ice cream.

The mix of soda and ice cream made a creamy treat.

Some floats were served in a chilled, frosted mug.

A wide straw and a spoon were often served together.",ROOTBEER,FLOAT,FOAM,MUG,SCOOP,FIZZ,CREAMY,FROSTED,STRAW
Hair Curlers,"Hair curlers shaped hair into rounded curls.

Rollers were wound tightly around sections of hair.

A bobby pin often held a curler in place.

Curlers were used to set a hairstyle in place.

Some curlers were worn overnight for lasting curls.

Hairspray helped hold the finished curls in place.

Curlers gave hair a bouncy, voluminous look.

Curlers were a common part of a home hairstyle routine.

A trip to the salon sometimes included a curler set.",CURLERS,ROLLERS,BOBBYPIN,SETTING,OVERNIGHT,SPRAY,BOUNCY,STYLE,SALON
Kitchen Appliances,"A pop-up toaster made breakfast quick and easy.

A blender made mixing drinks and batters simple.

A stand mixer helped with baking and mixing dough.

Early refrigerators were often still called an icebox.

New kitchen appliances promised to save time on chores.

Appliances were commonly placed along the kitchen countertop.

Many appliances featured shiny chrome trim.

New appliances were marketed as modern conveniences.

Each new gadget promised to make cooking easier.",TOASTER,BLENDER,MIXER,ICEBOX,APPLIANCE,COUNTERTOP,CHROME,MODERN,GADGET
Roller Skating,"Roller skating rolled along on a set of small wheels.

Each skate was fitted with four small wheels.

Many skaters practiced their moves at the local rink.

Skates were fastened snugly with a set of laces.

Good balance was essential for roller skating.

Kids often skated along the sidewalk near their homes.

Some skaters wore a helmet for safety.

Skilled skaters could glide smoothly across the floor.

Skaters could reach a surprising amount of speed.",SKATES,WHEELS,RINK,LACES,BALANCE,SIDEWALK,HELMET,GLIDE,SPEED
The Local Library,"The local library offered free books to the whole community.

A helpful librarian guided visitors to the right book.

Rows of tall bookshelves filled the library's main room.

Visitors searched a card catalog to find a book's location.

Libraries were known for their quiet, calm atmosphere.

A librarian handled the checkout of every borrowed book.

A due-date stamp was placed inside the back cover.

The library was a favorite quiet spot for reading.

Many visitors came looking for a good novel to borrow.",LIBRARY,LIBRARIAN,BOOKSHELF,CATALOG,QUIET,CHECKOUT,STAMP,READING,NOVEL
Black And White TV,"Early television broadcast only in monochrome, without color.

A rooftop antenna was needed to pick up a broadcast signal.

Poor signal often showed up as static on the screen.

Television stations would broadcast a limited number of hours each day.

The picture appeared on a small, rounded glass screen.

Early televisions relied on a vacuum tube to produce a picture.

Viewers often adjusted the antenna to improve reception.

Switching the channel required getting up to turn a dial.

A manual knob controlled both the channel and the volume.",MONOCHROME,ANTENNA,STATIC,BROADCAST,SCREEN,TUBE,RECEPTION,CHANNEL,KNOB
8-Track Tapes,"An 8-track tape stored music inside a plastic cartridge.

8-track tapes allowed continuous playback without flipping the tape.

A distinct click could be heard as the tape switched tracks.

8-track tapes became especially popular for use in a car stereo.

Each cartridge divided its songs across several tracks.

The tape inside an 8-track was wound in a continuous loop.

8-track cartridges were noticeably bulkier than later cassette tapes.

Listeners felt a slight switch in sound as the track changed.

8-track tapes were especially popular during the 1970s.",CARTRIDGE,PLAYBACK,CLICK,CARSTEREO,TRACK,LOOP,BULKY,SWITCH,POPULAR
Ushers And Balconies,"An usher helped guide patrons to their seats.

Ushers often carried a small flashlight down the dark aisle.

Ushers walked patrons down the aisle to an open seat.

Some theaters offered upstairs seating known as the balcony.

Ushers were easy to spot in their matching uniform.

Ushers helped keep theater seating organized during busy showings.

An usher would guide latecomers to any open seats.

The balcony gave moviegoers a view from upstairs.

Ushers were expected to remain polite and helpful at all times.",USHER,FLASHLIGHT,AISLE,BALCONY,UNIFORM,SEATING,GUIDE,UPSTAIRS,POLITE
Station Wagons,"Many station wagons featured a signature wood-grain panel design.

Station wagons offered generous cargo space for road trips.

A spacious interior made the station wagon a family favorite.

Station wagons were designed with the whole family in mind.

The extra room made packing luggage easy.

Kids often rode facing backward in the rear seat area.

Some station wagons came equipped with a handy roof rack.

Station wagons were valued for being practical and roomy.

The rear tailgate folded down for easy loading.",WOODGRAIN,CARGO,SPACIOUS,FAMILY,LUGGAGE,REARSEAT,ROOFRACK,PRACTICAL,TAILGATE
School Assemblies,"A school assembly gathered every class in one place.

Assemblies were often held in the school auditorium.

Performers and speakers took turns on the stage.

The principal often opened the assembly with a few words.

Students gave a round of applause after each performance.

Each assembly followed a planned program of events.

Students sat seated by class throughout the assembly.

A guest speaker sometimes gave a short speech.

Announcements were often shared with the whole school at once.",ASSEMBLY,AUDITORIUM,STAGE,PRINCIPAL,APPLAUSE,PROGRAM,SEATED,SPEECH,ANNOUNCE
Vending Machines,"A vending machine dispensed snacks without a cashier.

Vending machines became a common sight in public places.

A coin dropped into the slot activated the machine.

Customers inserted coins into a small slot.

Shoppers picked a quick snack from the machine's rows.

Pressing a button released the chosen item.

The machine would dispense the item after payment.

Machines offered a wide selection of snacks and drinks.

Some vending machines gave change after a purchase.",VENDING,MACHINE,COIN,SLOT,SNACK,BUTTON,DISPENSE,SELECTION,CHANGE
Pocket Combs,"A pocket comb was small enough to carry anywhere.

The comb was designed to fit neatly in a pocket.

Most pocket combs were made of lightweight plastic.

A quick comb kept a hairstyle looking sharp.

A pocket comb helped keep hair neatly groomed.

Fine teeth on the comb helped smooth out hair.

Pocket combs had a slim, flat design.

People carried a comb to touch up their look anywhere.

A pocket comb helped keep hair looking tidy all day.",COMB,POCKET,PLASTIC,STYLE,GROOM,TEETH,SLIM,CARRY,TIDY
Board Games Night,"Rolling the dice decided how far a player could move.

Some board games used a spinner instead of dice.

Each player moved a small token around the board.

Board game night was a favorite family tradition.

Some games rewarded careful strategy over luck.

Players would shuffle the deck before dealing cards.

Many board games included a deck of cards.

Players took turns moving around the board.

The game continued until a winner was declared.",DICE,SPINNER,TOKEN,FAMILY,STRATEGY,SHUFFLE,CARDS,TURN,WINNER
Slinky Toys,"A Slinky was a simple toy made of a coiled spring.

The toy's coil could stretch and flip end over end.

A Slinky could famously walk itself down a set of stairs.

Early Slinky toys were made of coiled metal.

The stretchy coil gave the Slinky its signature motion.

A Slinky could flip end over end down the stairs.

The toy worked like a long, flexible spring.

Watching a Slinky walk down stairs never got old.

A tossed Slinky would bounce and coil back together.",SLINKY,COIL,STAIRS,METAL,STRETCH,FLIP,SPRING,WALK,BOUNCE
Letter Writing,"Writing a letter was once the main way to stay in touch.

Many people used decorative stationery for personal letters.

A finished letter was folded and placed in an envelope.

A postage stamp was needed to send a letter.

Completed letters were dropped into the corner mailbox.

Good penmanship mattered when writing a letter by hand.

Some envelopes were closed with a wax seal.

Every envelope needed the recipient's full address.

Waiting for a reply required a good deal of patience.",LETTER,STATIONERY,ENVELOPE,STAMP,MAILBOX,PENMANSHIP,SEAL,ADDRESS,PATIENCE
Rabbit Ear Antennas,"Rabbit ears were a common style of indoor TV antenna.

Viewers had to adjust the antenna to get a clear picture.

A weak signal often meant a fuzzy TV picture.

Some viewers wrapped the antenna tips in aluminum foil.

Wiggling the antenna slightly could sometimes fix the reception.

Rabbit ears were designed for indoor use on top of the set.

The antenna was usually made of two adjustable metal rods.

Rabbit ear antennas connected directly to the television set.

Better antenna reception meant a clearer broadcast picture.",RABBITEARS,ADJUST,SIGNAL,FOIL,WIGGLE,INDOOR,METAL,TELEVISION,RECEPTION
Mixtapes And Cassettes,"A cassette tape stored music on a spool of magnetic tape.

Fans made a mixtape by recording favorite songs onto one tape.

A cassette recorder let listeners record songs straight off the radio.

Pressing rewind sent the tape spinning backward to an earlier spot.

A homemade mixtape worked like an early personal playlist.

Some listeners used a pencil to manually wind a loose tape.

A handwritten label often listed each song on the tape.

Buying a blank cassette let anyone record their own tape.

Pressing fast forward skipped ahead to a later song.",CASSETTE,MIXTAPE,RECORDER,REWIND,PLAYLIST,PENCIL,LABEL,BLANK,FORWARD
Technicolor Films,"Technicolor films introduced audiences to vivid, saturated color.

Technicolor replaced black-and-white with vibrant color on screen.

Technicolor relied on a complex multi-step filming process.

Technicolor required a specially designed color camera.

Colorful costume design stood out in early Technicolor films.

Technicolor's rich contrast made scenes pop off the screen.

Technicolor was often used for big-budget visual spectacles.

Many colorful movie musicals showcased the Technicolor process.

Audiences found early Technicolor films dazzling to watch.",VIVID,COLOR,PROCESS,CAMERA,COSTUME,CONTRAST,SPECTACLE,MUSICAL,DAZZLING
Hood Ornaments,"A hood ornament sat proudly on the front of the car.

Most hood ornaments were made of polished chrome.

A hood ornament often doubled as a brand emblem.

Each automaker had its own signature hood ornament design.

Some hood ornaments were finely sculpted into detailed shapes.

A hood ornament worked like a small badge of pride.

The best hood ornaments gleamed bright and shiny.

Hood ornaments were a classic feature of mid-century cars.

A distinctive hood ornament served as the car's mascot.",ORNAMENT,CHROME,EMBLEM,DESIGN,SCULPTED,BADGE,SHINY,CLASSIC,MASCOT
Book Reports,"A book report gave a short summary of a book's story.

Students often described the main character in their report.

Reports sometimes covered just a single chapter or the whole book.

Students built their report around a simple outline.

Students sometimes even drew a picture of the book's cover.

A good report always named the book's author.

A book report gave a student's honest review.

Some students used notecards to organize their thoughts.

Every book report had to be finished by a set deadline.",SUMMARY,CHARACTER,CHAPTER,OUTLINE,COVER,AUTHOR,REVIEW,NOTECARDS,DEADLINE
Popsicles,"A popsicle was a sweet treat frozen on a stick.

Popsicles stayed frozen solid until it was time to eat.

Every popsicle came with its own wooden stick.

Popsicles came in a variety of fruity flavors.

A popsicle left out too long would start melting fast.

Bright, colorful popsicles were a favorite warm-weather treat.

Popsicles were an especially popular treat in the summer.

A cold popsicle was a refreshing way to cool off.

Some popsicles could be split into twin treats to share.",POPSICLE,FROZEN,STICK,FRUITY,MELTING,COLORFUL,SUMMER,REFRESH,TWIN
Cat Eye Glasses,"Cat eye glasses featured frames that swept upward at the corners.

The frames gave the glasses their signature pointed shape.

The upswept corners gave the glasses a pointed look.

Some cat eye frames were decorated with tiny rhinestones.

Cat eye glasses were seen as a stylish accessory.

The frames came in a range of colorful designs.

The upswept frame shape defined the cat eye look.

Cat eye glasses made a bold fashion statement.

The style became a lasting fashion icon.",CATEYE,FRAMES,POINTED,RHINESTONE,STYLISH,COLORFUL,UPSWEPT,BOLD,FASHION
Family Dinners,"Family dinner brought everyone together around one table.

Some families said a short grace before the meal.

A warm casserole was a popular family dinner dish.

A cloth napkin was set at each place.

Dinner was often filled with cheerful chatter.

The whole family stayed seated until the meal ended.

Food was passed around the table on a shared platter.

Family dinner was a nightly chance to gather together.

Family dinner was a regular part of the evening routine.",TABLE,GRACE,CASSEROLE,NAPKIN,CHATTER,SEATED,PLATTER,GATHER,EVENING
Jump Rope,"Jump rope was played by skipping over a swinging rope.

Many jump rope games included a fun rhyming chant.

Players had to skip the rope without missing a beat.

Double dutch used two ropes turning at once.

Keeping a steady rhythm helped jumpers stay in sync.

Two turners kept the rope swinging for the jumper.

Each jumper tried to hop over the rope in time.

A catchy rhyme often kept time for the jumpers.

Jump rope was a favorite activity during recess.",ROPE,CHANT,SKIP,DOUBLE,RHYTHM,TURNER,HOP,RHYME,RECESS
Penny Postcards,"A penny postcard could be mailed for just one cent.

A small stamp covered the cost of sending a postcard.

Postcards carried a short, handwritten message.

Many postcards featured a scenic photo or drawing.

Some people enjoyed collecting postcards from places they visited.

Postcards were mailed without need of an envelope.

A postcard often carried a simple travel greeting.

Postcards made an easy, affordable travel souvenir.

A postcard's message always had to stay brief.",POSTCARD,STAMP,MESSAGE,SCENIC,COLLECT,MAILED,GREETING,SOUVENIR,BRIEF
Prime Time Television,"Prime time referred to the evening hours of peak TV viewing.

Networks built a weekly schedule around their prime time shows.

A strong prime time lineup could define a network's reputation.

Prime time shows competed fiercely for high ratings.

Major networks reserved their best programming for prime time broadcast.

Prime time was designed to reach the largest possible audience.

Each network built its own prime time schedule.

A single sponsor often funded an entire prime time program.

A hit show's premiere was a major prime time event.",EVENING,SCHEDULE,LINEUP,RATINGS,BROADCAST,AUDIENCE,NETWORK,SPONSOR,PREMIERE
Radio DJs,"A radio disc jockey introduced songs and kept listeners entertained.

Listeners could call in to make a song request.

A DJ built each show around a chosen playlist of songs.

Radio DJs broadcast live to audiences across the listening area.

A DJ's distinctive voice became familiar to loyal listeners.

Each DJ was usually associated with one radio station.

DJs would sometimes dedicate a song to a listener by name.

Many stations aired a weekly countdown of the top songs.

A good DJ built a loyal following of regular listeners.",DISCJOCKEY,REQUEST,PLAYLIST,BROADCAST,VOICE,STATION,DEDICATE,COUNTDOWN,LISTENER
Movie Serials,"A movie serial told its story across a series of short chapters.

Each chapter of a serial added to one ongoing story.

Serials often ended a chapter on a moment of pure suspense.

A brave hero usually anchored each chapter of the serial.

A recurring villain often opposed the serial's hero.

Fans returned to see the next episode of the serial.

Each new chapter continued right where the last one stopped.

Serials were filled with fast-paced action and adventure.

New serial chapters typically appeared on a weekly basis.

A last-minute rescue was a favorite way to end a chapter.",SERIAL,CHAPTER,SUSPENSE,HERO,VILLAIN,EPISODE,CONTINUE,ADVENTURE,WEEKLY,RESCUE
Car Hops,"A car hop brought food straight to a parked car.

Some car hops zipped between cars on roller skates.

Orders arrived balanced on a specially designed tray.

Car hops usually wore a bright, matching uniform.

Car hops delivered curbside service without customers leaving their cars.

Customers placed their order through a speaker or window.

A speedy car hop could serve many cars in a single shift.

Balancing a full tray took real skill on skates.

A cheerful smile was part of every car hop's service.",CARHOP,SKATE,TRAY,UNIFORM,CURBSIDE,ORDER,SPEEDY,BALANCE,SMILE
Marching Bands,"A marching band performed music while marching in formation.

The trumpet section added a bold, bright sound.

A steady drumline kept the whole band in rhythm.

Band members wore a matching, brightly colored uniform.

A twirling baton often led the band down the field.

Marching bands were a highlight of many hometown parades.

Bands practiced complex formations for their field performances.

Long rehearsals helped the band perfect its routine.

A trombone section added rich, low tones to the band.",MARCHING,TRUMPET,DRUMLINE,UNIFORM,BATON,PARADE,FORMATION,REHEARSAL,TROMBONE
Saturday Sundaes,"A Saturday treat often meant building your own ice cream sundae.

A sundae could be piled high with a favorite topping.

A cherry usually finished off the top of a sundae.

Colorful sprinkles added crunch to a sundae.

Warm fudge sauce was a popular sundae topping.

A generous scoop of ice cream formed the sundae's base.

Chopped nuts added extra crunch to a sundae.

A long spoon was needed to reach the bottom of a sundae.

Sundaes were traditionally served in a glass dish.",SUNDAE,TOPPING,CHERRY,SPRINKLES,FUDGE,SCOOP,NUTS,SPOON,DISH
Petticoats,"A petticoat was worn underneath a skirt for extra shape.

Petticoats were often made with several layers of fabric.

A stiff petticoat helped a skirt hold its shape.

Some petticoats included a decorative ruffle at the hem.

Petticoats gave a skirt a fluffy, full silhouette.

Some petticoats were made from stiff netting.

Petticoats added fullness beneath a poodle skirt or dress.

A starched petticoat kept its shape throughout the day.

Petticoats provided extra support under a wide skirt.",PETTICOAT,LAYERS,STIFF,RUFFLE,FLUFFY,NETTING,FULLNESS,STARCHED,SUPPORT
Front Porches,"A front porch was a favorite spot to relax outside.

Many porches featured a comfortable porch swing.

A rocking chair was a common porch fixture.

Neighbors often stopped to chat from the porch.

A cold glass of lemonade was a porch-sitting favorite.

Evenings were often spent relaxing on the front porch.

Some porches had a screen to keep out insects.

Porches were a favorite place for a friendly chat.

A cool breeze made the porch a pleasant place to sit.",PORCH,SWING,ROCKING,NEIGHBOR,LEMONADE,EVENING,SCREEN,CHAT,BREEZE
Kites,"A kite was flown high in the sky using a long string.

Flyers held tight to the string as the kite rose.

A steady breeze helped keep a kite up in the air.

A long tail helped keep the kite balanced in flight.

Many kites were built in a simple diamond shape.

Kites were designed for soaring high above the ground.

A windy day was the best time to fly a kite.

Many kites were made from lightweight paper and thin sticks.

A good running start helped launch a kite into the air.",KITE,STRING,BREEZE,TAIL,DIAMOND,SOARING,WINDY,PAPER,LAUNCH
Front Yard Games,"Horseshoes was a favorite game played in the front yard.

Croquet used mallets to hit balls through small wickets.

Badminton was played by hitting a birdie over a net.

Many front yard games were played right on the lawn.

Neighbors often joined in a friendly front yard game.

Front yard games were especially popular on warm summer evenings.

Friends and family loved to compete in a casual match.

Front yard games were a common way to spend an evening.

A good game usually ended in plenty of laughter.",HORSESHOES,CROQUET,BADMINTON,LAWN,NEIGHBOR,SUMMER,COMPETE,EVENING,LAUGHTER
